module folder name,modulename,source,profiles
parker,,,
hl_tauri,,,
osirisrex,,,
planetmarkers,,,
mars_earth,,,
UranusMoons,,,
drakemsg,,,
asteroids,,,
califa,,,
lhs1140,,,
Transhab,,,
HD100546,,,
supernovaremnants,,,
uranus,,,
UAntliae,,,
NGC6302Raymarched,,,
jupitermagneto,,,
humpback,,,
kep16,,,
S2004N1,,,
PlanetInteriors,,,
87sylvia,,,
Orcus,,,
wmap_craft,,,
mercury_craft,,,
nearstars,,,
45P-Honda,,,
kep186,,,
zaryaunity,,,
SednaHighlight,,,
hh34,,,
2015RR245,,,
ErisMoon,,,
oneb,,,
mwIRASc,,,
mwESOGigaPan,,,
Incoming_waypoints,,,
satellites-100brightest,,,
lro,,,
Mars_slides,,,
sloan,,,
soyuz,,,
suomi_craft,,,
wise,,,
Betelgeuse_nsted,,,
saturn,,,
magStream,,,
lexell,,,
fancypoles,,,
bar,,,
HIP11915,,,
GJ436,,,
2015PDCimpacts,,,
209Plinear,,,
gaia_craft,,,
lism,,,
GOES,,,
ligobloop,,,
distant,,,
k2-25,,,
CAS_stars_Hearts,,,
fermibubbles,,,
starwars,,,
Robots_In_Space_Slides,,,
lemscene,,,
spaceelevator,,,
C2017K2,,,
extragalstars,,,
earth_aurora,,,
grefractor20,,,
earth,,,
nestedspheres,,,
elisa,,,
pluto_nep,,,
skylab,,,
0subatomiccoords,,,
planckforeground,,,
eclip,,,
planetint_labels,,,
wow,,,
tully,,,
mars_sats,,,
m31,,,
617patroclus,,,
gaiaskymap,,,
PlanetNine,,,
k2fovs,,,
b1257_12,,,
HD209458,,,
abell,,,
cmbr,,,
greenbank,,,
exoplanets_Planet9_Like,,,
ceres_c,,,
2PEncke,,,
hubble_ksc,,,
Wormhole,,,
rf_slidesv3,,,
binaryasteroids,,,
pluto,,,
kep47,,,
KSC_Marker,,,
particleshowers,,,
lick3m,,,
HAT-P-11,,,
Amanda,,,
exoplanets_yearly,,,
2007jj43,,,
kuiperbelt,,,
Corvette,,,
eris_c,,,
hudf,,,
Grandview-Pano,,,
2015TB145,,,
SunInterior,,,
cogent,,,
retrograde,,,
k2audio,,,
GRB,,,
demodex,,,
spacetime,,,
2014PN70,,,
wisemwcenter,,,
2013sidingspring,,,
mwFermi,,,
comets,,,
vostok,,,
keckeps,,,
constellations_separated,,,
AllAsteroids,,,
galileo,,,
m13,,,
tully_Reduced,,,
SnowWhite,,,
shenzhou,,,
carbon,,,
rave,,,
2013TX68,,,
brightmdwarf,,,
sky_images_old,,,
jupiter_wms,,,
earthjupcomp,,,
habitablezone,,,
V745sco,,,
107camilla,,,
KIC7548061,,,
sl9,,,
chelyabinsk,,,
exoplanets_earthlike,,,
sentinel_FOV_v006,,,
NebB,,,
voyager1,,,
CasASuperNova,,,
voyager2,,,
wasp47,,,
hayabusa2,,,
mwFIR,,,
mars,,,
hizoa,,,
oortcloud,,,
kic9832227,,,
2012DA14,,,
etacarinae,,,
fermiGRB,,,
cmbpolarization,,,
diversity,,,
TieInterceptor,,,
KeplerData,,,
wasp43,,,
mediaContainers,,,
m83,,,
HD147506,,,
denverconst,,,
PlutoDiscoveryTelescope,,,
3c279,,,
meteor,,,
trojans,,,
153P-Ikeya-Zhang,,,
orbitBundle,,,
New folder,,,
apophis_k,,,
dwarfs,,,
omega_centauri,,,
galactichalo,,,
Presidpano,,,
m2-9,,,
messenger15,,,
KeelingCurve,,,
voyagers,,,
hd160691,,,
Stardestroyer,,,
SWEEPS4,,,
vanallen,,,
hd131399,,,
ap_sdss_ell,,,
HaumeaFamily,,,
titanHighres,,,
scholz,,,
Kuat,,,
starkiller,,,
C2013_R1_Lovejoy,,,
kep452,,,
CAS_RedGiants,,,
moon,,,
HR8799gif,,,
tardigrade,,,
earthwater,,,
earthquakes_updated,,,
orion,,,
45eugenia,,,
LSRJ18353259,,,
dscovr,,,
HR8799,,,
mwpoly_HURT,,,
1998QE2,,,
Moises_Panobubble_2,,,
335PGibbs,,,
Kep_10,,,
LunarShadowDiagram,,,
makemake,,,
CAS_logo,,,
624hektor,,,
shuttle,,,
3DRainforest_Audio,,,
ngc6543,,,
sky_images,,,
constellations_inuit,,,
tw_hydrae,,,
spitzer,,,
crater2dwarf,,,
SaturnRingDetails,,,
water251,,,
v404cyg,,,
arecibomsg,,,
hawc,,,
planetscales,,,
pioneers,,,
cobe_craft,,,
arrakis,,,
asteroids_hypothetical_v003,,,
starmarkers,,,
neapha,,,
lhc,,,
eva_ksc,,,
volcanoes,,,
UA,,,
kic8462852,,,
alpha_cent,,,
neptune,,,
galaxyadjusted,,,
dragon,,,
akatsuki,,,
HD7924,,,
deathstar,,,
plutinos,,,
pioneerpulsars,,,
Mites_Panobubble,,,
enceladusHires,,,
MarsScienceLaboratory,,,
crabneb,,,
transpo_slides,,,
gama,,,
Cygnusx1,,,
ibexmap,,,
hip116454,,,
Hi_Res_Galaxies,,,
GLIMPSE,,,
eneb,,,
movinggroups,,,
saturn_wms,,,
SolarSail,,,
exomars,,,
irbkgrnd,,,
galaxy,,,
ISON_c,,,
B612_audio,,,
rosetta,,,
FutureSpaceFlight_Slides,,,
councilgiants,,,
lisapathfinder,,,
enceladusGeysers,,,
gj411,,,
macrocosmica,,,
mwH,,,
WR104,,,
HaumeaMoons,,,
sputnik,,,
asteroids_particles,,,
1P-Halley,,,
whaleprobe,,,
wfirst,,,
smallstuff,,,
planck_craft,,,
MFalcon,,,
10pcstars,,,
constellations_hevelius,,,
2dfquasars,,,
water8_42,,,
heliotail,,,
tauceti,,,
dtypes,,,
dgtauri,,,
haumeaold,,,
mom,,,
satellites,,,
newhorizons,,,
planetint_wms,,,
rrlyr,,,
almascope,,,
Sedna,,,
exoplanets_HE_FP,,,
esocepheids,,,
PlutoMoons,,,
J1407,,,
oxygen,,,
water21_25cm,,,
Kep438,,,
bulge,,,
gravity_waves,,,
distmodkbos,,,
red_giant_in_SS,,,
sdsselements,,,
mwsats,,,
chandra,,,
HAT-P-7,,,
ISO,,,
Quaoar,,,
galac,,,
mwHalpha,,,
vtypes,,,
exoplanets_CAS,,,
lagrange,,,
sentinel_Dan,,,
apophis,,,
dm_halo,,,
stardust,,,
HD189733,,,
juno,,,
novacen2013,,,
dawn,,,
NN3707,,,
266PChristensen,,,
bolides,,,
EarthShadowDiagram,,,
overlay,,,
J1119-1137,,,
mw2MASS,,,
iue_obs,,,
mwCO,,,
trappist_1,,,
messenger,,,
w0855,,,
xwing,,,
nsted_stars,,,
B612_logo,,,
water190,,,
curiosity_panorama,,,
mwVis,,,
jwst,,,
rosat,,,
mms,,,
maven,,,
gw170817,,,
55cancri,,,
kelt-9,,,
water73_74cm,,,
vesta_c,,,
venus,,,
19P-Borrelly,,,
hubble,,,
2012DA14_sosys,,,
epic206011691,,,
k2-3,,,
Eris,,,
phoebering,,,
Ganymede_Mercury,,,
Kepler,,,
openclusters,,,
GLAST,,,
water14_9,,,
Luhman16,,,
OCO2,,,
2015PDC,,,
90antiope,,,
starorbits,,,
enebksc,,,
CAS_mdwarf,,,
mercuryHighres,,,
mbrownImages,,,
ISS,,,
Audio_IncomingFullAlbum,,,
AWing,,,
jwst_ksc,,,
kbowarps,,,
radec,,,
TieFighter,,,
water692,,,
Venus_Earth,,,
mercury,,,
iovolcanoes,,,
venuswms,,,
51Peg,,,
ConstellationBoundaries,,,
m4,,,
phobos,,,
venusearth,,,
water29_6,,,
EarthEnergyBudget,,,
Itokawa_c,,,
WASP12,,,
monocerosring,,,
magneto,,,
pioneer10,,,
pioneer11,,,
stars,,,
starshot,,,
C2012_S1_ISON,,,
cassinispk,,,
MWdwarfs,,,
SIMPJ0136,,,
ap_sdss_spi,,,
luvoir,,,
impact_sites,,,
SunSurface,,,
chariklo,,,
CAS_stars,,,
particlezoo,,,
apollo,,,
grace,,,
PleiadesEvo,,,
planetarynebulae,,,
LSRJ18353259_aurora,,,
moon_impact_sites,,,
water144,,,
KOI351,,,
pulsars,,,
MilleniumFalcon,,,
europawater,,,
constellations_native,,,
fermi,,,
jupiter,,,
JupiterMoons,,,
1992qb1,,,
ossos,,,
greatrefractor,,,
PanSTARRS,,,
2RXS,,,
rf_slides,,,
CAS_stars-reduced,,,
SaturnMoons,,,
haumea,,,
nsted_stars-reduced,,,
vallenp,,,
2002gv31,,,
waypoints,,,
tatoo,,,
water31,,,
gemini,,,
betapictoris,,,
icn2,,,
rogueplanets,,,
denver_stars,,,
h2regions,,,
HighlightMovingPlanets,,,
Deepimpact,,,
xgalcepheids,,,
mainbelt,,,
mwGamma,,,
maneyelash,,,
2df,,,
59virg,,,
eclipse,,,
plutoWatmo,,,
wmap,,,
vesta_wms,,,
sloanquasars,,,
fireballsinthesky,,,
tess,,,
C1995-O1-Hale-Bopp,,,
OpeningScene,,,
setitargets,,,
HAT-P-26,,,
arcturus,,,
Itokawa,,,
kep1647,,,
moon_ss,,,
BEAM,,,
globularclusters,,,
TONS_Panorama,,,
2014mu69,,,
47tuc,,,
centaurs,,,
brown_dwarfs,,,
perseid_meteor,,,
exoplanets,,,
cosmographies,,,
ultimathule,,,
epsEridani,,,
SolarEclipse,,,
PlanetNineEvidence,,,
exo_Gliese581HS,,,
ProceduralStar,,,
moose,,,
inneroort,,,
P9uncertainty,,,
ndel2013,,,
sun,,,
obassociations,,,
AR_Scorpii,,,
ngc6302Particles,,,
TNO2,,,
